index,city,Lat,Lon,max_temp,Humidity,Cloudiness,Wind Speed,Country,Date
34,Diego de Almagro,-26.3667,-70.05,82.83,8.0,0.0,9.26,CL,1627842367.0
7,Ubari,26.5921,12.7805,95.99,8.0,0.0,8.08,LY,1627842363.0
15,Gazli,40.1333,63.45,89.89,9.0,0.0,14.5,UZ,1627842364.0
453,Tabas,33.5959,56.9244,91.6,9.0,12.0,10.02,IR,1627842422.0
438,Sabha,27.0377,14.4283,95.97,9.0,0.0,6.04,LY,1627842420.0
483,Bereket,39.2446,55.5154,88.72,11.0,88.0,5.77,TM,1627842426.0
563,Mehrān,33.1222,46.1646,96.28,11.0,5.0,6.17,IR,1627842436.0
254,Bani Walid,31.7566,13.9942,96.39,12.0,0.0,13.06,LY,1627842397.0
400,Kaka,37.3482,59.6143,85.48,12.0,12.0,6.8,TM,1627842257.0
81,Abnūb,27.2696,31.1511,97.47,13.0,32.0,9.37,EG,1627842373.0
257,Bam,29.106,58.357,93.34,13.0,18.0,9.42,IR,1627842397.0
568,Balkanabat,39.5108,54.3671,89.29,14.0,95.0,3.83,TM,1627842437.0
300,Taoudenni,22.6783,-3.9836,110.08,14.0,29.0,15.99,ML,1627842403.0
537,Zabul Province,32.25,67.25,76.86,14.0,0.0,11.56,AF,1627842433.0
128,Adrar,20.5022,-10.0711,105.37,16.0,64.0,6.85,MR,1627842380.0
588,Urubichá,-15.3833,-62.95,83.93,16.0,65.0,7.0,BO,1627842440.0
476,Coxim,-18.5067,-54.76,90.81,17.0,6.0,6.6,BR,1627842425.0
184,Bethanien,-26.502,17.1583,63.68,18.0,0.0,10.54,NA,1627842387.0
511,Turaif,31.6725,38.6637,89.85,18.0,0.0,11.5,SA,1627842429.0
352,Aksu,41.1231,80.2644,77.38,18.0,98.0,0.98,CN,1627842409.0
592,Mozarlândia,-14.7447,-50.5706,97.3,18.0,6.0,2.1,BR,1627842440.0
575,Zhangaözen,43.3,52.8,89.04,18.0,3.0,7.76,KZ,1627842438.0
552,Comodoro Rivadavia,-45.8667,-67.5,64.26,19.0,0.0,20.71,AR,1627842435.0
516,Kazygurt,41.7589,69.3864,87.58,19.0,40.0,4.9,KZ,1627842430.0
45,Sarakhs,36.5449,61.1577,82.54,20.0,1.0,4.61,IR,1627842368.0
143,Arlit,18.7369,7.3853,101.91,20.0,1.0,6.26,NE,1627842382.0
247,Conceição do Araguaia,-8.2578,-49.2647,98.87,21.0,9.0,8.79,BR,1627842396.0
397,Malatya Province,38.5,38.0,87.85,21.0,0.0,19.57,TR,1627842413.0
37,Gull Lake,50.1001,-108.4847,88.16,21.0,9.0,6.71,CA,1627842367.0
89,Shaunavon,49.6501,-108.4181,85.78,21.0,12.0,5.79,CA,1627842374.0
449,Marrakesh,31.6315,-8.0083,91.47,22.0,20.0,6.91,MA,1627842163.0
286,Ritchie,-29.038,24.6028,54.61,22.0,35.0,9.73,ZA,1627842401.0
240,San Miguel de Tucumán,-26.8241,-65.2226,69.8,23.0,0.0,6.91,AR,1627842395.0
361,Atar,20.5169,-13.0499,103.28,23.0,63.0,9.4,MR,1627842411.0
380,Great Falls,47.5002,-111.3008,89.92,23.0,1.0,1.01,US,1627842413.0
219,Najrān,17.4924,44.1277,93.85,23.0,98.0,6.76,SA,1627842131.0
193,Araouane,18.9048,-3.5265,101.68,23.0,9.0,8.61,ML,1627842389.0
155,San Rafael,-34.6177,-68.3301,64.6,24.0,1.0,13.18,AR,1627842384.0
72,Camacupa,-12.0167,17.4833,66.79,24.0,3.0,3.4,AO,1627842372.0
399,Izvor,42.2039,21.5783,88.23,24.0,22.0,6.98,MK,1627842415.0
221,Mirassol,-20.8192,-49.5211,78.48,24.0,0.0,0.0,BR,1627842392.0
97,Mochudi,-24.4167,26.15,52.39,25.0,1.0,3.31,BW,1627842375.0
455,Zhezkazgan,47.8043,67.7144,86.47,25.0,67.0,9.24,KZ,1627842422.0
591,Reitz,-27.8014,28.4273,49.87,26.0,27.0,9.24,ZA,1627842440.0
492,Alta Floresta,-9.8756,-56.0861,96.62,26.0,40.0,9.22,BR,1627842427.0
513,Puerto Madryn,-42.7692,-65.0385,66.16,26.0,17.0,17.4,AR,1627842430.0
428,Kaniama,-7.5667,24.1833,75.76,26.0,53.0,1.32,CD,1627842419.0
270,Rawson,-43.3002,-65.1023,63.21,27.0,10.0,12.55,AR,1627842399.0
567,Bahía Blanca,-38.7196,-62.2724,58.69,27.0,66.0,7.87,AR,1627842437.0
165,Nador,35.174,-2.9287,84.27,27.0,0.0,9.22,MA,1627842385.0
554,Shahdad Kot,27.8477,67.9055,102.56,28.0,60.0,9.84,PK,1627842435.0
256,Iranshahr,27.2025,60.6848,102.54,29.0,40.0,9.22,IR,1627842397.0
14,Mar del Plata,-38.0023,-57.5575,50.02,29.0,20.0,1.99,AR,1627842364.0
297,Lodja,-3.4833,23.4333,77.97,30.0,75.0,1.41,CD,1627842403.0
263,Viedma,-40.8135,-62.9967,59.05,30.0,23.0,20.62,AR,1627842398.0
4,Yellowknife,62.456,-114.3525,85.32,30.0,20.0,1.99,CA,1627842363.0
529,Manono,-7.3,27.4167,78.58,31.0,13.0,5.91,CD,1627842432.0
517,Demirci,39.0461,28.6589,77.88,32.0,2.0,10.76,TR,1627842430.0
566,Matamoros,25.5333,-103.25,89.71,32.0,40.0,0.0,MX,1627842437.0
188,Yangi Marg`ilon,40.4272,71.7189,81.82,32.0,95.0,18.41,UZ,1627842388.0
84,Fuerte Olimpo,-21.0415,-57.8738,76.73,32.0,98.0,5.12,PY,1627842374.0
436,Baião,-2.7906,-49.6717,94.17,33.0,56.0,4.03,BR,1627842420.0
371,Pahrump,36.2083,-115.9839,92.52,34.0,22.0,3.0,US,1627842412.0
398,Coari,-4.085,-63.1414,90.5,34.0,88.0,3.85,BR,1627842415.0
489,Yashkul',46.1711,45.3435,88.39,34.0,1.0,13.0,RU,1627842426.0
111,Paraisópolis,-22.5542,-45.78,73.04,35.0,30.0,2.3,BR,1627842377.0
170,Curaçá,-8.9903,-39.9094,83.3,35.0,94.0,23.76,BR,1627842385.0
512,Jiuquan,39.7432,98.5174,75.02,35.0,99.0,16.84,CN,1627842429.0
91,Cholul Cantón,21.0167,-89.2833,95.0,35.0,70.0,4.27,MX,1627842375.0
141,San Lorenzo,-25.3333,-57.5333,72.59,35.0,0.0,7.0,PY,1627842382.0
570,Chiredzi,-21.05,31.6667,64.53,35.0,0.0,3.2,ZW,1627842437.0
309,Yulara,-25.2406,130.9889,58.84,36.0,0.0,9.22,AU,1627842404.0
70,Leh,34.1667,77.5833,68.88,36.0,69.0,5.64,IN,1627842132.0
76,Zacatecas,23.0,-103.0,72.36,36.0,9.0,10.42,MX,1627842372.0
48,Lüderitz,-26.6481,15.1594,68.23,36.0,0.0,11.72,NA,1627842369.0
12,North Platte,41.1239,-100.7654,82.99,36.0,75.0,4.0,US,1627842364.0
159,Avera,33.194,-82.5271,96.91,36.0,44.0,12.8,US,1627842384.0
334,Yumen,40.2833,97.2,72.1,37.0,96.0,20.2,CN,1627842407.0
290,San Patricio,28.017,-97.5169,98.02,37.0,63.0,10.85,US,1627842402.0
508,Ipixuna,-1.7625,-48.8043,87.75,37.0,46.0,4.14,BR,1627842429.0
85,Saint George,37.1041,-113.5841,92.43,37.0,1.0,1.99,US,1627842374.0
365,Khromtau,50.2503,58.4347,79.56,38.0,12.0,7.74,KZ,1627842411.0
580,Qorveh,35.1664,47.8045,73.69,39.0,69.0,12.12,IR,1627842439.0
381,Aklavik,68.2191,-135.0107,81.43,39.0,40.0,8.05,CA,1627842413.0
209,Cserkeszőlő,46.8632,20.187,82.38,39.0,64.0,7.61,HU,1627842391.0
589,Mogadouro,41.3403,-6.7119,72.79,39.0,54.0,11.12,PT,1627842440.0
83,Thompson,55.7435,-97.8558,80.76,39.0,40.0,12.66,CA,1627842374.0
450,Gamboma,-1.8764,15.8644,84.38,39.0,83.0,3.27,CG,1627842421.0
363,Whitehorse,60.7161,-135.0538,75.09,40.0,20.0,4.61,CA,1627842411.0
203,Orapa,-21.2833,25.3667,59.65,40.0,0.0,4.16,BW,1627842390.0
311,Safford,32.834,-109.7076,92.32,40.0,1.0,6.91,US,1627842405.0
137,Polson,47.6936,-114.1632,89.74,40.0,61.0,1.45,US,1627842381.0
305,Norman Wells,65.282,-126.8329,77.04,41.0,1.0,6.91,CA,1627842404.0
330,Ilulissat,69.2167,-51.1,57.22,41.0,0.0,4.61,GL,1627842407.0
172,Show Low,34.2542,-110.0298,80.65,41.0,1.0,6.91,US,1627842386.0
49,Novopokrovka,49.8425,36.5477,82.78,42.0,37.0,4.45,UA,1627842369.0
538,Carazinho,-28.2839,-52.7864,63.81,42.0,2.0,4.68,BR,1627842433.0
204,Wajir,1.7471,40.0573,81.91,42.0,70.0,19.62,KE,1627842390.0
232,Alice Springs,-23.7,133.8833,63.95,42.0,49.0,12.66,AU,1627842394.0
333,Linares,-35.85,-71.6,62.89,43.0,1.0,5.77,CL,1627842270.0
378,Cantagallo,7.376,-73.9196,95.27,43.0,12.0,2.39,CO,1627842413.0
523,Lively,46.4334,-81.1498,71.02,43.0,98.0,8.5,CA,1627842431.0
119,Dzilam González,21.2833,-88.9333,95.11,45.0,81.0,5.39,MX,1627842378.0
310,Nauta,-4.5061,-73.5757,85.1,45.0,91.0,1.3,PE,1627842404.0
191,Hwange,-18.3693,26.5019,65.84,45.0,8.0,3.2,ZW,1627842388.0
484,Arrondissement de Bastia,42.6667,9.3333,79.93,45.0,0.0,8.99,FR,1627842315.0
62,Saskylakh,71.9167,114.0833,65.57,46.0,1.0,6.29,RU,1627842371.0
39,Mandera,3.9366,41.867,84.04,46.0,98.0,21.77,KE,1627842367.0
382,Arenal,8.4593,-73.9433,96.31,46.0,34.0,4.45,CO,1627842413.0
514,Arrondissement de Reims,49.1667,4.0833,71.38,46.0,0.0,5.75,FR,1627842143.0
351,Constitución,-35.3333,-72.4167,62.67,47.0,1.0,8.59,CL,1627842409.0
145,West Wendover,40.7391,-114.0733,78.01,47.0,1.0,5.75,US,1627842382.0
274,Manaure,11.7751,-72.4445,91.98,47.0,3.0,21.99,CO,1627842400.0
502,Port Hedland,-20.3167,118.5667,59.05,47.0,0.0,9.22,AU,1627842428.0
494,Novikovo,51.1537,37.8879,77.13,47.0,13.0,6.04,RU,1627842427.0
150,Necochea,-38.5473,-58.7368,52.5,48.0,0.0,1.32,AR,1627842383.0
222,Laguna,38.421,-121.4238,99.21,48.0,1.0,4.0,US,1627842393.0
403,Mount Isa,-20.7333,139.5,64.17,48.0,48.0,0.0,AU,1627842416.0
156,Okhotsk,59.3833,143.3,59.49,49.0,0.0,18.61,RU,1627842384.0
233,Timmins,48.4669,-81.3331,67.82,49.0,40.0,14.97,CA,1627842394.0
198,Ol'khovatka,50.2831,39.2872,77.34,49.0,48.0,4.16,RU,1627842389.0
549,Lárdos,36.0942,28.0157,89.94,50.0,0.0,18.07,GR,1627842435.0
412,Mahanje,-9.9333,35.3333,64.53,50.0,92.0,1.63,TZ,1627842417.0
325,Río Gallegos,-51.6226,-69.2181,53.65,50.0,0.0,11.5,AR,1627842406.0
101,Port Lincoln,-34.7333,135.8667,51.67,50.0,2.0,20.36,AU,1627842376.0
158,Sur,22.5667,59.5289,92.34,51.0,93.0,16.02,OM,1627842384.0
20,Dubuque,42.4833,-90.8668,79.56,51.0,20.0,11.5,US,1627842365.0
82,Eyl,7.9803,49.8164,86.27,52.0,95.0,24.25,SO,1627842373.0
576,Kargil,34.5667,76.1,60.49,52.0,25.0,9.15,IN,1627842438.0
346,Trairi,-3.2778,-39.2689,86.07,53.0,56.0,14.61,BR,1627842409.0
525,La Crau,43.1498,6.0743,81.45,53.0,0.0,5.01,FR,1627842431.0
586,Qobustan,40.0824,49.412,73.51,53.0,23.0,3.58,AZ,1627842439.0
417,La Providencia,28.7167,-111.5833,98.65,53.0,2.0,3.0,MX,1627842418.0
178,Miraflores,19.2167,-98.8083,72.36,54.0,12.0,1.95,MX,1627842386.0
208,Guerrero Negro,27.9769,-114.0611,83.26,54.0,1.0,6.67,MX,1627842391.0
289,Port-Cartier,50.0334,-66.8654,69.91,54.0,95.0,11.25,CA,1627842402.0
491,Ixtapa,20.7,-105.2,90.63,55.0,40.0,4.61,MX,1627842427.0
497,Broome,42.2506,-75.833,80.02,55.0,75.0,3.0,US,1627842427.0
6,Boone,39.0334,-92.3335,84.79,55.0,1.0,1.99,US,1627842363.0
546,San Antonio,29.4241,-98.4936,97.2,55.0,1.0,1.01,US,1627842434.0
342,Grosse Pointe Farms,42.4092,-82.8919,78.24,55.0,40.0,8.05,US,1627842408.0
562,Umluj,25.0213,37.2685,88.9,55.0,1.0,2.8,SA,1627842436.0
440,Garden City,42.3256,-83.331,77.49,56.0,75.0,3.0,US,1627842420.0
175,Tuktoyaktuk,69.4541,-133.0374,71.6,56.0,75.0,17.27,CA,1627842386.0
510,Woodway,31.506,-97.205,97.61,56.0,90.0,1.99,US,1627842429.0
284,Inongo,-1.95,18.2667,72.99,56.0,100.0,3.4,CD,1627842401.0
369,Nísia Floresta,-6.0911,-35.2086,81.41,56.0,37.0,20.18,BR,1627842412.0
144,Kiryat Gat,31.61,34.7642,86.4,56.0,0.0,5.21,IL,1627842382.0
153,Saint-Augustin,51.226,-58.6502,69.3,56.0,81.0,22.46,CA,1627842383.0
408,Peleduy,59.6289,112.7406,60.82,57.0,100.0,3.89,RU,1627842416.0
526,Suntar,62.1444,117.6319,62.74,57.0,100.0,5.46,RU,1627842432.0
261,Sept-Îles,50.2001,-66.3821,70.23,57.0,75.0,5.99,CA,1627842398.0
475,Miranda de Ebro,42.6865,-2.947,72.03,57.0,99.0,12.37,ES,1627842425.0
109,Juxtlahuaca,17.4294,-99.1467,84.36,57.0,71.0,3.38,MX,1627842377.0
130,El Salvador,13.8333,-88.9167,87.04,57.0,40.0,0.98,SV,1627842380.0
298,Vila Velha,-20.3297,-40.2925,72.97,57.0,20.0,12.66,BR,1627842270.0
202,Constantine,36.365,6.6147,81.81,57.0,20.0,16.11,DZ,1627842390.0
64,Coahuayana Viejo,18.7333,-103.6833,90.88,57.0,23.0,1.9,MX,1627842371.0
93,Mīnāb,27.1467,57.0801,94.5,58.0,13.0,7.36,IR,1627842375.0
182,Vao,-22.6667,167.4833,66.51,58.0,76.0,13.58,NC,1627842387.0
459,Chapais,49.7834,-74.8492,65.98,58.0,67.0,8.46,CA,1627842423.0
42,Palmer,42.1584,-72.3287,79.52,58.0,75.0,5.01,US,1627842368.0
213,Ereymentau,51.6199,73.1033,70.07,58.0,21.0,2.86,KZ,1627842391.0
314,Halifax,44.6453,-63.5724,77.52,58.0,23.0,4.0,CA,1627842405.0
405,Coihueco,-36.6167,-71.8333,57.94,58.0,0.0,8.05,CL,1627842416.0
359,Cururupu,-1.8283,-44.8683,84.79,58.0,74.0,3.83,BR,1627842410.0
243,Makakilo City,21.3469,-158.0858,80.92,58.0,1.0,12.66,US,1627842395.0
5,Esperance,-33.8667,121.9,51.64,59.0,80.0,26.82,AU,1627842363.0
416,Manama,26.2154,50.5832,96.78,59.0,0.0,8.05,BH,1627842191.0
594,Koppang,61.5706,11.0555,54.99,59.0,80.0,10.36,NO,1627842440.0
396,Portland,45.5234,-122.6762,83.52,59.0,40.0,1.99,US,1627842315.0
374,Fulton,33.7668,-84.4499,90.32,59.0,75.0,3.0,US,1627842412.0
136,Ancud,-41.8697,-73.8203,51.33,60.0,42.0,4.18,CL,1627842381.0
196,Acajutla,13.5928,-89.8275,97.14,60.0,66.0,8.68,SV,1627842389.0
134,Boulsa,12.6675,-0.5758,82.92,60.0,91.0,10.58,BF,1627842381.0
585,Nur-Sultan,51.1801,71.446,71.55,60.0,40.0,6.71,KZ,1627842415.0
26,Touros,-5.1989,-35.4608,81.5,60.0,31.0,23.04,BR,1627842366.0
478,San Jose,37.3394,-121.895,80.46,60.0,20.0,0.0,US,1627842139.0
157,Carnarvon,-24.8667,113.6333,51.87,60.0,13.0,8.05,AU,1627842384.0
498,Westport,41.1415,-73.3579,78.73,60.0,75.0,1.01,US,1627842428.0
9,Rikitea,-23.1203,-134.9692,69.31,60.0,100.0,24.54,PF,1627842363.0
78,San Cristobal,7.7669,-72.225,84.38,60.0,60.0,9.4,VE,1627842373.0
108,Coronado,32.6859,-117.1831,102.43,60.0,20.0,10.36,US,1627842377.0
280,Kuznechikha,57.2161,42.3348,69.44,61.0,100.0,7.65,RU,1627842401.0
463,Mindelo,16.8901,-24.9804,81.95,61.0,40.0,19.57,CV,1627842423.0
38,Ushuaia,-54.8,-68.3,46.06,61.0,0.0,5.75,AR,1627842314.0
540,Koboko,3.4136,30.9599,70.61,61.0,98.0,4.23,UG,1627842433.0
553,Daytona Beach,29.2108,-81.0228,94.01,61.0,75.0,16.11,US,1627842435.0
315,Vanavara,60.34,102.2797,56.01,61.0,58.0,4.79,RU,1627842405.0
301,San Quintín,30.4833,-115.95,78.35,61.0,2.0,11.79,MX,1627842403.0
481,Ampanihy,-24.7,44.75,68.65,62.0,0.0,4.45,MG,1627842426.0
223,Östersund,63.1792,14.6357,55.62,62.0,90.0,9.22,SE,1627842393.0
1,Nikolskoye,59.7035,30.7861,64.4,62.0,60.0,10.94,RU,1627842362.0
253,Tautira,-17.7333,-149.15,73.42,62.0,64.0,9.01,PF,1627842397.0
426,Coyhaique,-45.5752,-72.0662,52.41,62.0,90.0,5.75,CL,1627842419.0
469,Puerto Escondido,15.85,-97.0667,88.63,62.0,40.0,4.61,MX,1627842424.0
356,Cockburn Town,21.4612,-71.1419,87.76,62.0,40.0,16.11,TC,1627842410.0
411,Roald,62.5833,6.1333,58.12,62.0,75.0,10.36,NO,1627842417.0
123,Verkhniye Kigi,55.4083,58.6044,68.34,62.0,61.0,1.66,RU,1627842379.0
260,Kysyl-Syr,63.8986,122.7617,63.18,63.0,91.0,4.0,RU,1627842398.0
445,Ingham,42.6,-84.3833,75.16,63.0,75.0,10.36,US,1627842421.0
458,‘Āhuimanu,21.4447,-157.8378,82.11,63.0,20.0,14.97,US,1627842423.0
239,Oranjemund,-28.55,16.4333,59.67,63.0,0.0,9.26,NA,1627842395.0
215,Hamilton,39.1834,-84.5333,82.65,63.0,75.0,1.99,US,1627842392.0
593,Berdigestyakh,62.0989,126.6992,60.69,64.0,97.0,4.32,RU,1627842440.0
392,Santa Lucía,27.9117,-15.5407,69.76,64.0,20.0,31.07,ES,1627842414.0
427,Jérémie,18.65,-74.1167,87.94,64.0,90.0,6.4,HT,1627842419.0
565,Khasanya,43.4336,43.5754,71.49,64.0,95.0,2.24,RU,1627842436.0
27,Lebu,-37.6167,-73.65,55.17,64.0,4.0,16.75,CL,1627842366.0
265,Freeport,40.6576,-73.5832,78.49,64.0,1.0,5.99,US,1627842399.0
61,Castro,-24.7911,-50.0119,56.59,64.0,100.0,4.21,BR,1627842371.0
22,Albany,42.6001,-73.9662,76.14,65.0,68.0,7.56,US,1627842365.0
66,Pescia,43.897,10.6904,78.64,65.0,6.0,1.01,IT,1627842371.0
168,Khovd,48.0056,91.6419,55.58,65.0,36.0,4.7,MN,1627842385.0
462,Bonfim,3.0833,-59.95,84.87,65.0,53.0,6.6,BR,1627842423.0
518,Tocopilla,-22.092,-70.1979,66.63,65.0,72.0,5.86,CL,1627842430.0
18,Cabo San Lucas,22.8909,-109.9124,97.81,66.0,1.0,3.0,MX,1627842365.0
53,Longyearbyen,78.2186,15.6401,48.04,66.0,75.0,16.11,SJ,1627842370.0
278,Husavik,66.0449,-17.3389,57.11,66.0,97.0,5.12,IS,1627842400.0
447,Camopi,3.1655,-52.3158,84.94,66.0,69.0,2.26,GF,1627842421.0
52,Punta Arenas,-53.15,-70.9167,46.51,66.0,75.0,14.97,CL,1627842363.0
162,Poya,-21.35,165.15,60.89,66.0,43.0,4.97,NC,1627842385.0
138,Liverpool,53.4106,-2.9779,66.88,67.0,40.0,5.99,GB,1627842381.0
534,Qui Nhon,13.7667,109.2333,85.15,67.0,100.0,12.71,VN,1627842433.0
507,Artyom,40.4723,50.333,73.54,67.0,66.0,7.36,AZ,1627842429.0
103,Faanui,-16.4833,-151.75,77.56,67.0,76.0,14.36,PF,1627842376.0
99,Iqaluit,63.7506,-68.5145,55.13,67.0,90.0,4.61,CA,1627842376.0
452,Koumac,-20.5667,164.2833,62.94,67.0,25.0,8.08,NC,1627842422.0
423,Kolokani,13.5728,-8.0339,81.7,67.0,70.0,6.4,ML,1627842418.0
418,Mahébourg,-20.4081,57.7,71.89,68.0,75.0,13.8,MU,1627842331.0
368,Bambous Virieux,-20.3428,57.7575,71.85,68.0,75.0,13.8,MU,1627842412.0
321,Talara,-4.5772,-81.2719,74.16,68.0,0.0,18.41,PE,1627842406.0
527,Yanam,16.7333,82.2167,82.62,68.0,51.0,3.94,IN,1627842432.0
0,Rocha,-34.4833,-54.3333,56.68,68.0,4.0,6.98,UY,1627842362.0
105,Tirumullaivāsal,11.2333,79.8333,84.79,68.0,100.0,12.35,IN,1627842376.0
569,Castrillón,43.3979,-6.7922,64.94,68.0,69.0,5.23,ES,1627842437.0
244,Killarney,52.05,-9.5167,59.97,68.0,31.0,10.2,IE,1627842200.0
185,Souillac,-20.5167,57.5167,71.98,68.0,75.0,13.8,MU,1627842387.0
164,Arraial do Cabo,-22.9661,-42.0278,78.76,68.0,20.0,18.41,BR,1627842385.0
90,Fare,-16.7,-151.0167,76.1,69.0,57.0,11.83,PF,1627842374.0
338,Pombos,-8.1414,-35.3958,78.39,69.0,54.0,19.86,BR,1627842408.0
121,Beloha,-25.1667,45.05,68.32,69.0,0.0,11.1,MG,1627842379.0
30,Cape Town,-33.9258,18.4232,58.12,69.0,0.0,4.61,ZA,1627842303.0
362,Chimbote,-9.0853,-78.5783,69.76,69.0,52.0,11.1,PE,1627842411.0
227,Paita,-5.0892,-81.1144,73.96,69.0,0.0,15.64,PE,1627842393.0
251,Acapulco de Juárez,16.8634,-99.8901,87.62,70.0,75.0,10.36,MX,1627842396.0
543,Lata,40.1629,-8.3327,71.35,70.0,96.0,6.51,PT,1627842434.0
127,Butaritari,3.0707,172.7902,82.89,70.0,48.0,10.31,KI,1627842380.0
582,Saint-Leu,-21.15,55.2833,67.03,70.0,31.0,2.35,RE,1627842439.0
366,Kahului,20.8947,-156.47,80.62,70.0,20.0,14.97,US,1627842411.0
488,Multan,30.1956,71.4753,89.49,70.0,5.0,6.91,PK,1627842185.0
355,Champerico,14.3,-91.9167,94.28,70.0,99.0,5.37,GT,1627842410.0
248,Barranca,-10.75,-77.7667,67.14,70.0,50.0,10.65,PE,1627842396.0
11,Khatanga,71.9667,102.5,63.61,70.0,83.0,8.32,RU,1627842364.0
8,Port Alfred,-33.5906,26.891,62.11,70.0,47.0,24.9,ZA,1627842363.0
590,Charleston,32.7766,-79.9309,95.02,70.0,1.0,7.0,US,1627842440.0
430,Tazovsky,67.4667,78.7,54.0,70.0,100.0,9.01,RU,1627842419.0
367,Fairbanks,64.8378,-147.7164,69.1,71.0,90.0,0.0,US,1627842411.0
113,Zhigansk,66.7697,123.3711,61.39,71.0,45.0,10.96,RU,1627842377.0
279,Hithadhoo,-0.6,73.0833,81.41,71.0,100.0,4.85,MV,1627842400.0
320,Damietta,31.4165,31.8133,82.56,71.0,0.0,8.88,EG,1627842406.0
21,College,64.8569,-147.8028,69.1,71.0,75.0,4.61,US,1627842365.0
25,Atuona,-9.8,-139.0333,76.62,71.0,39.0,13.96,PF,1627842366.0
504,Mt. Pleasant,32.7941,-79.8626,95.99,71.0,1.0,7.0,US,1627842428.0
86,Kudahuvadhoo,2.6708,72.8944,82.53,71.0,100.0,5.23,MV,1627842374.0
490,Erzin,36.9559,36.2,83.12,71.0,0.0,3.89,TR,1627842427.0
454,Coffeyville,37.0373,-95.6164,81.55,71.0,75.0,0.0,US,1627842422.0
432,Batagay,67.6333,134.6333,46.72,71.0,0.0,2.17,RU,1627842419.0
68,Ziway,7.9333,38.7167,64.87,71.0,61.0,13.38,ET,1627842371.0
509,Taganak,6.0833,118.3,78.94,72.0,91.0,3.38,PH,1627842429.0
577,Zaraza,9.3503,-65.3245,84.43,72.0,16.0,6.93,VE,1627842438.0
55,Bethel,41.3712,-73.414,78.1,72.0,90.0,9.22,US,1627842370.0
323,Sørland,67.667,12.6934,49.86,72.0,75.0,12.41,NO,1627842406.0
75,Chui,-33.6971,-53.4616,57.18,72.0,7.0,5.84,UY,1627842372.0
122,Bredasdorp,-34.5322,20.0403,56.52,72.0,63.0,6.91,ZA,1627842379.0
413,Mahibadhoo,3.7833,72.9667,83.64,72.0,92.0,9.71,MV,1627842417.0
446,Cabedelo,-6.9811,-34.8339,81.27,72.0,27.0,23.76,BR,1627842421.0
106,Cidreira,-30.1811,-50.2056,60.21,72.0,5.0,8.7,BR,1627842377.0
437,Saint-Joseph,-21.3667,55.6167,66.56,72.0,38.0,12.17,RE,1627842420.0
391,Galveston,29.3669,-94.9669,96.21,72.0,75.0,5.01,US,1627842414.0
69,Ponta do Sol,32.6667,-17.1,76.71,72.0,26.0,4.14,PT,1627842372.0
262,Narsaq,60.9167,-46.05,61.02,72.0,100.0,1.28,GL,1627842398.0
214,Narodychi,51.2029,29.0823,73.18,72.0,39.0,2.42,UA,1627842392.0
57,Nouadhibou,20.931,-17.0347,75.18,73.0,0.0,16.11,MR,1627842370.0
210,Ossora,59.2353,163.0719,53.13,73.0,98.0,6.93,RU,1627842391.0
501,Inhambane,-23.865,35.3833,65.39,73.0,0.0,5.41,MZ,1627842428.0
281,Grimstad,58.3405,8.5934,61.77,73.0,86.0,11.63,NO,1627842401.0
384,Fortuna,40.5982,-124.1573,85.42,73.0,1.0,1.99,US,1627842413.0
133,Nicoya,10.1483,-85.452,89.15,73.0,47.0,6.87,CR,1627842381.0
238,Teya,60.3778,92.6267,58.53,73.0,100.0,2.55,RU,1627842395.0
560,Gouyave,12.1646,-61.7296,84.97,74.0,20.0,21.85,GD,1627842436.0
114,Saint-Philippe,-21.3585,55.7679,67.55,74.0,32.0,12.55,RE,1627842378.0
102,Upernavik,72.7868,-56.1549,44.87,74.0,97.0,12.59,GL,1627842376.0
528,Carutapera,-1.195,-46.02,82.56,74.0,36.0,5.12,BR,1627842432.0
373,Nouakchott,18.0858,-15.9785,82.33,74.0,75.0,11.77,MR,1627842412.0
104,Fomboni,-12.28,43.7425,75.79,74.0,13.0,11.12,KM,1627842376.0
171,Lompoc,34.6391,-120.4579,84.02,74.0,1.0,13.8,US,1627842386.0
50,Bathsheba,13.2167,-59.5167,86.61,74.0,40.0,11.5,BB,1627842369.0
460,Kochkurovo,54.0358,45.4184,69.87,74.0,100.0,0.83,RU,1627842423.0
357,Cap Malheureux,-19.9842,57.6142,72.09,75.0,24.0,8.01,MU,1627842410.0
234,Cayenne,4.9333,-52.3333,89.64,75.0,44.0,5.01,GF,1627842394.0
345,Grand Gaube,-20.0064,57.6608,72.0,75.0,12.0,8.01,MU,1627842409.0
442,Villa Rica,33.7321,-84.9191,89.42,75.0,39.0,11.34,US,1627842420.0
574,São José da Coroa Grande,-8.8978,-35.1478,77.13,75.0,15.0,17.54,BR,1627842438.0
44,Busselton,-33.65,115.3333,52.66,75.0,80.0,8.1,AU,1627842368.0
267,Saint-Pierre,-21.3393,55.4781,67.64,75.0,0.0,8.05,RE,1627842119.0
220,French Harbor,16.35,-86.4333,88.0,75.0,20.0,1.99,HN,1627842392.0
499,Trincomalee,8.5711,81.2335,81.46,75.0,100.0,16.11,LK,1627842428.0
292,Bilibino,68.0546,166.4372,33.62,75.0,90.0,6.76,RU,1627842241.0
401,Mitú,1.1983,-70.1733,73.42,75.0,100.0,2.77,CO,1627842415.0
205,Lima,-12.0432,-77.0282,67.89,75.0,90.0,5.75,PE,1627842332.0
389,Deep River,46.1001,-77.4995,67.75,75.0,100.0,4.54,CA,1627842414.0
80,Hommelvik,63.4108,10.7942,54.59,75.0,75.0,19.57,NO,1627842165.0
414,Kavieng,-2.5744,150.7967,81.03,76.0,10.0,8.14,PG,1627842417.0
98,Beringovskiy,63.05,179.3167,45.16,76.0,70.0,7.76,RU,1627842106.0
186,Ust'-Ordynskiy,52.805,104.7508,60.64,76.0,98.0,0.65,RU,1627842388.0
28,São Filipe,14.8961,-24.4956,76.21,76.0,19.0,10.22,CV,1627842366.0
271,Buchanan,5.8808,-10.0467,80.56,76.0,92.0,9.91,LR,1627842399.0
54,Harper,4.375,-7.7169,77.61,76.0,97.0,8.21,LR,1627842370.0
479,Xichang,27.8964,102.2634,64.31,76.0,0.0,1.79,CN,1627842425.0
533,Grand-Santi,4.25,-54.3833,81.91,76.0,41.0,1.36,GF,1627842432.0
328,Yangambi,0.8102,24.4336,74.62,76.0,100.0,3.06,CD,1627842407.0
199,Polovinnoye,54.7914,65.9864,68.85,76.0,19.0,8.55,RU,1627842389.0
308,Qaqortoq,60.7167,-46.0333,61.3,76.0,100.0,3.42,GL,1627842404.0
572,Ivybridge,50.3904,-3.9191,67.82,76.0,63.0,10.51,GB,1627842437.0
555,Wanlaweyn,2.6185,44.8938,75.11,76.0,71.0,17.94,SO,1627842435.0
521,Nizhnevartovsk,60.9344,76.5531,60.82,77.0,0.0,6.71,RU,1627842185.0
312,Tarakan,3.3,117.6333,81.48,77.0,85.0,8.95,ID,1627842405.0
370,Moose Factory,51.2585,-80.6094,59.0,77.0,90.0,6.91,CA,1627842412.0
167,Bafra,41.5678,35.9069,74.98,77.0,0.0,3.04,TR,1627842385.0
550,Los Llanos de Aridane,28.6585,-17.9182,73.13,77.0,20.0,20.71,ES,1627842299.0
291,Ust-Kuyga,70.0167,135.6,45.39,77.0,6.0,2.75,RU,1627842402.0
340,Newcastle,-32.9272,151.7765,55.71,77.0,40.0,3.0,AU,1627842408.0
224,Akureyri,65.6835,-18.0878,57.13,77.0,40.0,12.66,IS,1627842389.0
547,Kavaratti,10.5669,72.642,82.31,77.0,95.0,14.88,IN,1627842434.0
318,Ambilobe,-13.2,49.05,70.84,78.0,0.0,4.0,MG,1627842405.0
266,Port-Gentil,-0.7193,8.7815,78.76,78.0,90.0,10.36,GA,1627842399.0
584,Litovko,49.2361,135.1742,58.68,78.0,43.0,7.9,RU,1627842439.0
474,Pimentel,-6.8367,-79.9342,71.89,78.0,90.0,5.01,PE,1627842425.0
272,Tual,-5.6667,132.75,81.23,78.0,93.0,11.86,ID,1627842399.0
47,Lorengau,-2.0226,147.2712,81.64,78.0,24.0,9.44,PG,1627842369.0
551,West Bay,19.3667,-81.4167,90.07,78.0,20.0,4.0,KY,1627842435.0
13,Avarua,-21.2078,-159.775,75.25,78.0,75.0,19.57,CK,1627842123.0
100,Burnie,-41.0667,145.9167,43.75,78.0,27.0,3.33,AU,1627842376.0
95,Vila Franca do Campo,37.7167,-25.4333,73.81,78.0,13.0,9.98,PT,1627842375.0
347,Lotofaga,-13.9764,-171.8578,78.58,79.0,80.0,19.82,WS,1627842409.0
532,Road Town,18.4167,-64.6167,86.04,79.0,40.0,8.05,VG,1627842432.0
313,Shebalino,51.2917,85.6772,54.18,79.0,11.0,4.92,RU,1627842405.0
480,Asău,46.4333,26.4,76.39,79.0,0.0,2.77,RO,1627842425.0
461,Takoradze,4.8845,-1.7554,78.03,80.0,53.0,8.66,GH,1627842423.0
94,Kapaa,22.0752,-159.319,80.92,80.0,90.0,4.0,US,1627842375.0
126,Ostrovnoy,68.0531,39.5131,50.9,80.0,49.0,7.27,RU,1627842380.0
379,Port Macquarie,-31.4333,152.9167,57.88,80.0,48.0,11.01,AU,1627842413.0
288,Tasiilaq,65.6145,-37.6368,57.36,80.0,7.0,5.75,GL,1627842402.0
194,Esim,4.8699,-2.2405,78.19,80.0,79.0,7.63,GH,1627842389.0
277,Brae,60.3964,-1.353,51.71,80.0,98.0,15.14,GB,1627842400.0
435,Anito,12.4497,125.2886,81.91,80.0,100.0,9.44,PH,1627842420.0
32,Takahagi,36.7167,140.7167,78.3,80.0,10.0,4.27,JP,1627842367.0
226,Buluang,13.3068,123.3425,81.72,80.0,98.0,12.44,PH,1627842393.0
67,Kathu,7.9178,98.3332,82.22,81.0,100.0,20.56,TH,1627842131.0
40,San Isidro,-12.1167,-77.05,69.01,81.0,90.0,3.0,PE,1627842368.0
535,Portobelo,9.55,-79.65,87.82,81.0,99.0,8.52,PA,1627842433.0
71,Anadyr,64.75,177.4833,45.1,81.0,20.0,0.0,RU,1627842300.0
229,Baykit,61.67,96.37,61.97,81.0,100.0,2.3,RU,1627842394.0
46,Stokmarknes,68.5646,14.9108,51.49,81.0,75.0,5.75,NO,1627842368.0
486,Kyritz,52.9421,12.397,64.81,81.0,73.0,6.76,DE,1627842426.0
139,Tiksi,71.6872,128.8694,43.09,81.0,5.0,6.08,RU,1627842381.0
211,Byron Bay,-28.65,153.6167,62.87,81.0,14.0,8.99,AU,1627842391.0
169,Ternate,0.8,127.4,80.98,81.0,40.0,6.62,ID,1627842385.0
241,Soyo,-6.1349,12.3689,73.36,81.0,10.0,10.31,AO,1627842395.0
246,Severo-Kuril'sk,50.6789,156.125,51.58,81.0,0.0,16.44,RU,1627842396.0
19,Qaanaaq,77.484,-69.3632,42.82,81.0,96.0,1.7,GL,1627842365.0
183,San Policarpio,12.0675,124.5625,82.98,81.0,98.0,15.9,PH,1627842387.0
339,Kālāvad,22.2167,70.3833,81.16,81.0,100.0,17.85,IN,1627842408.0
17,Hilo,19.7297,-155.09,78.53,81.0,75.0,4.61,US,1627842364.0
140,Cowansville,45.2001,-72.7491,67.35,81.0,100.0,5.75,CA,1627842382.0
506,Vestmanna,62.1564,-7.1664,47.32,81.0,90.0,10.36,FO,1627842428.0
112,Eppelborn,49.4,6.9667,68.02,82.0,74.0,6.46,DE,1627842278.0
92,Port Elizabeth,-33.918,25.5701,59.29,82.0,0.0,29.93,ZA,1627842191.0
557,Bato,13.3528,123.3677,81.0,82.0,100.0,10.67,PH,1627842436.0
541,Port Blair,11.6667,92.75,81.86,82.0,100.0,18.99,IN,1627842434.0
16,Hermanus,-34.4187,19.2345,57.9,82.0,39.0,8.59,ZA,1627842364.0
335,Jönköping,57.7814,14.1562,61.9,82.0,40.0,10.36,SE,1627842368.0
493,Raton,36.9034,-104.4391,61.41,82.0,90.0,14.97,US,1627842427.0
470,Vung Tau,10.346,107.0843,80.8,82.0,68.0,17.16,VN,1627842424.0
306,Gizo Government Station,-8.103,156.8419,79.75,82.0,77.0,11.92,SB,1627842404.0
152,New Norfolk,-42.7826,147.0587,37.71,82.0,17.0,2.01,AU,1627842383.0
147,Ambon City,-3.6954,128.1814,79.03,82.0,79.0,4.99,ID,1627842383.0
218,Sitka,57.0531,-135.33,60.69,82.0,90.0,3.44,US,1627842392.0
556,Tateyama,34.9833,139.8667,80.62,82.0,44.0,7.58,JP,1627842435.0
23,Bairiki Village,1.3292,172.9752,77.0,83.0,20.0,0.0,KI,1627842365.0
180,Candolim,15.5181,73.7626,80.46,83.0,34.0,16.35,IN,1627842387.0
331,Kyaukse,21.6,96.1333,79.18,83.0,100.0,9.64,MM,1627842407.0
87,Vaini,-21.2,-175.2,71.76,83.0,75.0,21.85,TO,1627842374.0
544,Homer,59.6425,-151.5483,67.77,83.0,75.0,3.44,US,1627842434.0
252,Gijang,35.2442,129.2139,82.13,83.0,100.0,4.61,KR,1627842397.0
564,Caramay,10.1815,119.236,79.86,83.0,75.0,5.57,PH,1627842436.0
390,Pemangkat,1.1667,108.9667,80.17,83.0,83.0,8.81,ID,1627842414.0
465,Manokwari,-0.8667,134.0833,77.95,83.0,49.0,2.57,ID,1627842423.0
332,Zapolyarnyy,69.4154,30.8136,56.48,83.0,100.0,5.93,RU,1627842407.0
160,Airai,-8.9266,125.4092,55.8,83.0,81.0,2.42,TL,1627842384.0
536,Bubaque,11.2833,-15.8333,78.93,84.0,88.0,18.1,GW,1627842433.0
74,Barrow,71.2906,-156.7887,48.22,84.0,90.0,26.46,US,1627842372.0
406,Flinders,-34.5833,150.8552,47.21,84.0,18.0,4.32,AU,1627842416.0
548,Gamba,-2.65,10.0,74.17,84.0,100.0,6.96,GA,1627842434.0
394,Karatsu,33.4425,129.9697,81.9,84.0,96.0,4.25,JP,1627842415.0
353,Epe,6.5841,3.9834,77.05,84.0,91.0,6.08,NG,1627842410.0
431,Paamiut,61.994,-49.6678,48.87,84.0,100.0,5.79,GL,1627842419.0
293,Kirakira,-10.4544,161.9205,73.58,84.0,99.0,8.08,SB,1627842402.0
559,Verkh-Usugli,52.7,115.1667,49.17,84.0,100.0,2.3,RU,1627842436.0
375,Chabahar,25.2919,60.643,84.9,84.0,23.0,11.01,IR,1627842412.0
217,Larap,14.299,122.6504,79.38,84.0,100.0,6.89,PH,1627842392.0
495,Honāvar,14.2833,74.45,78.28,84.0,81.0,8.97,IN,1627842427.0
216,Kieta,-6.2167,155.6333,77.7,84.0,73.0,2.1,PG,1627842392.0
545,Balogo,10.8868,124.7105,80.94,84.0,87.0,5.01,PH,1627842434.0
360,Anyang,36.0994,114.3289,74.64,84.0,33.0,5.06,CN,1627842411.0
231,Mogadishu,2.0371,45.3438,76.05,85.0,83.0,20.56,SO,1627842342.0
579,Pagudpud,18.5616,120.7868,80.56,85.0,100.0,16.42,PH,1627842438.0
176,Sungai Raya,0.7,108.9,79.32,85.0,95.0,6.11,ID,1627842386.0
456,Kangaba,11.9333,-8.4167,77.02,85.0,98.0,4.74,ML,1627842422.0
117,Mayumba,-3.432,10.6554,73.72,86.0,98.0,8.14,GA,1627842378.0
496,Cabatuan,10.8794,122.486,77.63,86.0,100.0,7.43,PH,1627842427.0
322,Caxito,-8.5785,13.6643,73.0,86.0,2.0,7.7,AO,1627842406.0
422,Dingle,10.9995,122.6711,77.68,86.0,100.0,9.19,PH,1627842418.0
197,Kautokeino,69.0125,23.0412,42.82,86.0,100.0,11.74,NO,1627842230.0
324,Samagaltay,50.6022,95.0047,50.54,86.0,100.0,5.12,RU,1627842406.0
349,Somerset,40.5668,-74.5496,78.89,86.0,90.0,1.01,US,1627842409.0
174,Cherskiy,68.75,161.3,34.86,86.0,68.0,16.26,RU,1627842386.0
326,Clyde River,70.4692,-68.5914,43.03,87.0,75.0,16.11,CA,1627842406.0
471,Kupang,-10.1667,123.5833,75.07,87.0,39.0,8.57,ID,1627842424.0
316,Katangli,51.7102,143.2326,52.92,87.0,100.0,8.25,RU,1627842405.0
255,Atambua,-9.1061,124.8925,70.54,87.0,67.0,5.19,ID,1627842397.0
249,Katsuura,35.1333,140.3,80.71,87.0,23.0,7.0,JP,1627842396.0
595,Grindavik,63.8424,-22.4338,56.55,87.0,75.0,6.91,IS,1627842441.0
329,Provideniya,64.3833,-173.3,41.45,87.0,100.0,15.68,RU,1627842407.0
237,Chokurdakh,70.6333,147.9167,31.84,87.0,7.0,5.03,RU,1627842394.0
273,Honiara,-9.4333,159.95,75.96,87.0,89.0,3.91,SB,1627842400.0
24,Puerto Ayora,-0.7393,-90.3518,76.96,87.0,74.0,11.99,EC,1627842365.0
587,Broken Hill,-31.95,141.4333,46.11,87.0,0.0,10.36,AU,1627842440.0
115,Ranong,9.9658,98.6348,79.54,87.0,100.0,14.03,TH,1627842378.0
242,Pangnirtung,66.1451,-65.7125,48.2,87.0,90.0,6.91,CA,1627842395.0
407,Biak,-0.9131,122.8766,75.11,87.0,98.0,6.62,ID,1627842416.0
402,Auki,-8.7676,160.7034,75.13,87.0,100.0,8.61,SB,1627842369.0
65,Hobart,-42.8794,147.3294,38.05,87.0,8.0,1.01,AU,1627842371.0
259,Ahipara,-35.1667,173.1667,53.65,88.0,17.0,6.35,NZ,1627842398.0
31,Alofi,-19.0595,-169.9187,75.09,88.0,63.0,14.97,NU,1627842367.0
500,Port Keats,-14.25,129.55,74.62,88.0,92.0,1.83,AU,1627842428.0
307,East London,-33.0153,27.9116,56.34,88.0,0.0,4.61,ZA,1627842110.0
287,Panzhihua,26.5851,101.7128,69.89,88.0,0.0,1.25,CN,1627842401.0
372,Malinovskiy,61.1953,62.8397,58.48,88.0,28.0,6.33,RU,1627842412.0
571,Ponta Delgada,37.7333,-25.6667,74.12,88.0,40.0,16.11,PT,1627842382.0
303,Kununurra,-15.7667,128.7333,67.98,88.0,17.0,1.14,AU,1627842404.0
177,Mossamedes,-15.1961,12.1522,68.94,88.0,3.0,9.26,AO,1627842386.0
485,Lianzhou,24.7811,112.3825,79.02,88.0,99.0,1.88,CN,1627842426.0
149,Ketchikan,55.3422,-131.6461,61.27,88.0,90.0,8.05,US,1627842383.0
131,Kruisfontein,-34.0033,24.7314,56.88,88.0,35.0,19.8,ZA,1627842380.0
409,Amursk,50.2261,136.8994,54.46,88.0,75.0,9.95,RU,1627842416.0
385,Rabo de Peixe,37.8,-25.5833,72.91,88.0,40.0,16.11,PT,1627842414.0
230,Bagotville,-28.9833,153.4167,62.64,88.0,4.0,11.77,AU,1627842394.0
118,Hong Kong,22.2855,114.1577,85.32,89.0,100.0,1.01,HK,1627842331.0
2,Sibolga,1.7427,98.7792,74.79,89.0,98.0,3.33,ID,1627842362.0
393,Lavrentiya,65.5833,-171.0,40.28,89.0,100.0,10.8,RU,1627842414.0
581,Āstāneh-ye Ashrafīyeh,37.2596,49.9444,74.03,89.0,97.0,4.23,IR,1627842439.0
515,Nishihara,26.1842,127.7558,82.06,89.0,75.0,17.27,JP,1627842430.0
336,Tigil',57.8,158.6667,46.42,89.0,80.0,4.54,RU,1627842408.0
236,Luwuk,-0.9516,122.7875,75.99,89.0,99.0,5.12,ID,1627842394.0
424,Padang,-0.9492,100.3543,75.56,89.0,93.0,2.77,ID,1627842418.0
58,Shenjiamen,29.9576,122.298,79.63,90.0,100.0,5.01,CN,1627842370.0
319,Saldanha,-33.0117,17.9442,51.85,90.0,39.0,9.06,ZA,1627842405.0
189,Vrangel',42.7297,133.0839,71.33,90.0,66.0,17.0,RU,1627842388.0
341,Havøysund,70.9963,24.6622,45.48,90.0,100.0,14.05,NO,1627842408.0
187,Yeppoon,-23.1333,150.7333,55.18,90.0,5.0,5.35,AU,1627842388.0
275,Margate,51.3813,1.3862,64.69,90.0,65.0,1.99,GB,1627842400.0
434,Kelo,9.3086,15.8066,74.23,90.0,88.0,5.5,TD,1627842419.0
125,Antropovo,58.3988,43.0066,61.95,90.0,94.0,7.07,RU,1627842379.0
124,Williamsburg,37.2707,-76.7075,78.57,90.0,20.0,0.0,US,1627842379.0
344,Hasaki,35.7333,140.8333,77.29,90.0,1.0,7.29,JP,1627842408.0
51,Bengkulu,-3.8004,102.2655,75.07,90.0,90.0,5.1,ID,1627842369.0
354,Bakchar,57.0186,82.0711,53.28,91.0,48.0,3.69,RU,1627842410.0
441,Gari,59.4307,62.3497,58.77,91.0,14.0,6.89,RU,1627842420.0
10,Bluff,-46.6,168.3333,39.79,91.0,19.0,8.05,NZ,1627842364.0
561,Ust-Tsilma,65.441,52.1498,51.87,91.0,89.0,1.5,RU,1627842436.0
207,Shingū,33.7333,135.9833,78.91,91.0,83.0,3.09,JP,1627842390.0
522,Karatuzskoye,53.6072,92.8667,55.4,91.0,43.0,1.36,RU,1627842431.0
596,Inírida,3.8653,-67.9239,76.53,92.0,96.0,3.6,CO,1627842441.0
304,Codrington,-38.2667,141.9667,43.09,92.0,21.0,12.8,AU,1627842404.0
350,Talnakh,69.4865,88.3972,53.55,92.0,99.0,5.75,RU,1627842409.0
282,Sovetskaya Gavan',48.9723,140.2878,56.62,92.0,100.0,1.95,RU,1627842401.0
467,Chumphon,10.3333,98.8333,73.51,92.0,100.0,8.37,TH,1627842424.0
107,Allāpalli,19.4167,80.0667,76.66,92.0,95.0,3.83,IN,1627842377.0
206,Muros,42.7762,-9.0603,66.99,92.0,100.0,4.65,ES,1627842390.0
110,George Town,5.4112,100.3354,76.93,92.0,20.0,3.44,MY,1627842306.0
448,Chengde,40.9725,117.9361,66.13,92.0,58.0,4.65,CN,1627842421.0
429,Mizhou,35.9947,119.3975,71.73,92.0,0.0,2.71,CN,1627842419.0
524,Gaozhou,21.9392,110.8461,78.89,93.0,100.0,1.77,CN,1627842431.0
358,Carballo,43.213,-8.691,65.91,93.0,99.0,3.96,ES,1627842410.0
283,Tokur,53.1333,132.9,52.84,93.0,99.0,2.98,RU,1627842401.0
264,Pokhara,28.2333,83.9833,72.45,93.0,80.0,2.82,NP,1627842115.0
235,Nome,64.5011,-165.4064,49.15,93.0,90.0,9.22,US,1627842394.0
190,Te Anau,-45.4167,167.7167,41.63,93.0,65.0,1.99,NZ,1627842388.0
181,Geraldton,-28.7667,114.6,45.01,93.0,40.0,8.05,AU,1627842387.0
520,Sémbé,1.6481,14.5806,72.45,93.0,78.0,2.08,CG,1627842431.0
558,Hervey Bay,-25.2986,152.8535,65.01,93.0,1.0,4.0,AU,1627842436.0
457,Batemans Bay,-35.7167,150.1833,40.98,93.0,13.0,3.6,AU,1627842422.0
466,Mount Gambier,-37.8333,140.7667,42.71,93.0,17.0,9.22,AU,1627842424.0
79,Lagoa,39.05,-27.9833,72.14,93.0,21.0,17.29,PT,1627842373.0
59,Palana,59.1167,159.9667,44.2,93.0,100.0,2.86,RU,1627842370.0
473,Mapiri,-15.25,-68.1667,62.31,93.0,100.0,0.25,BO,1627842425.0
33,Marawi,7.9986,124.2928,72.64,93.0,100.0,3.49,PH,1627842367.0
163,Leningradskiy,69.3833,178.4167,36.03,94.0,100.0,16.11,RU,1627842385.0
200,Tuatapere,-46.1333,167.6833,39.81,94.0,36.0,5.82,NZ,1627842389.0
73,Saint Paul Harbor,57.79,-152.4072,54.91,94.0,75.0,0.0,US,1627842372.0
36,Jamestown,42.097,-79.2353,69.51,94.0,90.0,10.42,US,1627842367.0
179,Salalah,17.0151,54.0924,77.09,94.0,90.0,5.75,OM,1627842094.0
173,Ribeira Grande,38.5167,-28.7,73.8,94.0,75.0,13.8,PT,1627842386.0
299,Baker City,44.7749,-117.8344,65.91,94.0,90.0,0.0,US,1627842254.0
327,Mnogovershinnyy,53.9353,139.9242,45.99,94.0,100.0,2.26,RU,1627842406.0
505,Yeniseysk,58.4497,92.1703,57.38,94.0,100.0,0.98,RU,1627842428.0
343,Hambantota,6.1241,81.1185,79.14,94.0,20.0,6.91,LK,1627842408.0
433,Hofn,64.2539,-15.2082,53.91,94.0,98.0,3.11,IS,1627842419.0
376,Deqing,30.5448,119.9599,82.36,94.0,18.0,0.85,CN,1627842413.0
386,Pechora,65.1472,57.2244,56.26,94.0,84.0,3.85,RU,1627842414.0
132,Katobu,-4.9408,122.5276,73.22,95.0,59.0,4.03,ID,1627842380.0
539,Āsosa,10.0667,34.5333,59.58,95.0,100.0,1.54,ET,1627842433.0
269,Muzhi,65.3667,64.6667,52.83,95.0,97.0,3.58,RU,1627842399.0
364,Berlevåg,70.8578,29.0864,50.31,95.0,100.0,4.45,NO,1627842411.0
129,Pevek,69.7008,170.3133,33.08,96.0,100.0,11.92,RU,1627842380.0
148,Ruteng,-8.6136,120.4721,61.57,96.0,87.0,4.59,ID,1627842383.0
383,Tyret’ Pervaya,53.6703,102.3106,56.32,96.0,100.0,10.47,RU,1627842413.0
212,Vostok,46.4856,135.8833,61.12,96.0,3.0,3.69,RU,1627842391.0
410,Misawa,40.6836,141.3597,73.6,96.0,58.0,3.96,JP,1627842417.0
421,Igrim,63.1906,64.4162,58.98,96.0,87.0,4.36,RU,1627842418.0
146,Kaitangata,-46.2817,169.8464,43.43,96.0,47.0,4.92,NZ,1627842383.0
245,Klyuchevskiy,53.5317,119.4519,43.9,96.0,50.0,1.92,RU,1627842396.0
468,Kungurtug,50.5994,97.5228,50.49,97.0,100.0,3.47,RU,1627842424.0
464,Aksarka,66.5606,67.7975,54.95,97.0,100.0,7.45,RU,1627842186.0
294,Taunggyi,20.7833,97.0333,64.2,97.0,90.0,3.87,MM,1627842402.0
195,Raja,8.4596,25.678,69.75,97.0,100.0,4.29,SS,1627842389.0
250,Kamaishi,39.2667,141.8833,73.78,97.0,41.0,8.03,JP,1627842396.0
88,Mataura,-46.1927,168.8643,39.47,98.0,22.0,3.42,NZ,1627842374.0
276,Iwanai,42.9744,140.5089,75.2,98.0,83.0,2.59,JP,1627842400.0
531,Bedelē,8.456,36.353,55.35,98.0,97.0,3.0,ET,1627842432.0
477,Pudozh,61.8099,36.5345,58.73,98.0,97.0,6.04,RU,1627842425.0
3,Dikson,73.5069,80.5464,39.72,98.0,100.0,3.42,RU,1627842288.0
444,Ambunti,-4.2365,142.8448,72.95,99.0,39.0,1.01,PG,1627842421.0
317,Salekhard,66.53,66.6019,56.52,99.0,100.0,1.12,RU,1627842405.0
451,Salym,60.0625,71.4789,60.58,99.0,100.0,4.94,RU,1627842422.0
377,Omsukchan,62.5333,155.8,33.66,99.0,100.0,6.78,RU,1627842413.0
154,Ouadda,8.0777,22.4007,67.01,99.0,100.0,2.17,CF,1627842383.0
530,Mawlaik,23.6333,94.4167,76.24,100.0,100.0,2.01,MM,1627842432.0
296,Praia da Vitória,38.7333,-27.0667,77.76,100.0,75.0,18.9,PT,1627842403.0
439,Kunming,25.0389,102.7183,58.93,100.0,0.0,6.71,CN,1627842244.0
